id,modelo,fabricante,preco,condicoes_pagamento,cor,ano,placa,estado_carro,tamanho_do_carro,tipo_carro,km_por_litro,tipo_combustivel,qtd_portas,perifericos
1,RAV4,Toyota,74523,R$ 14904.60 + 41x de R$ 1454.11,Cinza,2011,Q4306,seminovo,grande,sedan,15.61,Etanol,2,"desembaçador de vidro, câmera de ré, ar condicionado, trava elétrica, central multimedia"
2,Polo,Volkswagen,132559,R$ 23860.62 + 24x de R$ 4529.10,Marrom,2011,K2567,usado,médio,hatch,17.59,Híbrido,4,"airbag, alarme, câmera de ré, desembaçador de vidro, direção hidráulica, trava elétrica, suspensão hidráulica, freios ABS, GPS"
3,Toro,Fiat,67843,R$ 10176.45 + 51x de R$ 1130.72,Preto,2002,G5008,usado,grande,pickup,10.99,Etanol,2,"trava elétrica, desembaçador de vidro, airbag"
4,Polo,Volkswagen,49418,R$ 8895.24 + 30x de R$ 1350.76,Vermelho,2015,U3218,novo,médio,hatch,16.73,Etanol,4,"freios ABS, trava elétrica, airbag, câmera de ré, GPS, alarme, ar condicionado, direção hidráulica, desembaçador de vidro, suspensão hidráulica"
5,Camaro,Chevrolet,145357,R$ 18896.41 + 27x de R$ 4683.73,Cinza,2021,R8261,usado,pequeno,hatch,13.02,Diesel,4,"trava elétrica, suspensão hidráulica, ar condicionado, GPS, direção hidráulica, câmera de ré, alarme"
6,CR-V,Honda,145539,R$ 16009.29 + 59x de R$ 2195.42,Rosa,2024,Y9221,usado,médio,sedan,14.84,Elétrico,4,"central multimedia, direção hidráulica, desembaçador de vidro, alarme, airbag"
7,Uno,Fiat,91063,R$ 16391.34 + 57x de R$ 1310.03,Rosa,2023,A1197,novo,médio,hatch,11.23,Elétrico,2,"central multimedia, câmera de ré, airbag, desembaçador de vidro, suspensão hidráulica, alarme"
8,Corolla,Toyota,51889,R$ 6226.68 + 33x de R$ 1383.71,Preto,2022,P4723,novo,médio,sedan,17.69,Gasolina,2,"direção hidráulica, alarme, trava elétrica, ar condicionado, suspensão hidráulica, GPS, central multimedia"
9,Civic,Honda,42596,R$ 7667.28 + 52x de R$ 671.71,Azul,2006,L2144,usado,pequeno,sedan,16.72,Gasolina,4,"airbag, alarme, desembaçador de vidro, ar condicionado"
10,Frontier,Nissan,88838,R$ 10660.56 + 34x de R$ 2299.34,Preto,2005,Y2847,seminovo,grande,sedan,12.7,Diesel,4,"airbag, trava elétrica"
11,Pilot,Honda,126327,R$ 16422.51 + 32x de R$ 3434.52,Laranja,2001,Z8737,seminovo,grande,sedan,13.84,Híbrido,4,"alarme, ar condicionado, suspensão hidráulica, freios ABS, câmera de ré, airbag, central multimedia, direção hidráulica"
12,Onix,Chevrolet,126738,R$ 12673.80 + 29x de R$ 3933.25,Lilás,2010,V2578,seminovo,pequeno,hatch,13.24,Elétrico,2,"trava elétrica, alarme, suspensão hidráulica, freios ABS, ar condicionado, airbag"
13,Hilux,Toyota,94498,R$ 17009.64 + 52x de R$ 1490.16,Marrom,2002,E1558,seminovo,pequeno,utilitario,10.33,Híbrido,2,"ar condicionado, desembaçador de vidro, suspensão hidráulica"
14,Strada,Fiat,85020,R$ 13603.20 + 30x de R$ 2380.56,Rosa,2013,Z9166,novo,pequeno,utilitario,11.54,Híbrido,4,"airbag, desembaçador de vidro"
15,Cruze,Chevrolet,116663,R$ 22165.97 + 54x de R$ 1749.94,Marrom,2018,F8833,novo,médio,pickup,9.01,Gasolina,2,"airbag, direção hidráulica"
16,Mustang,Ford,136316,R$ 17721.08 + 42x de R$ 2823.69,Azul,2017,A2167,novo,médio,pickup,8.62,Etanol,4,"suspensão hidráulica, câmera de ré, trava elétrica, alarme, freios ABS, GPS, central multimedia"
17,CR-V,Honda,127005,R$ 12700.50 + 59x de R$ 1937.36,Cinza,2006,E8821,seminovo,grande,hatch,10.21,Etanol,2,"câmera de ré, airbag, trava elétrica, GPS, suspensão hidráulica, desembaçador de vidro, central multimedia, freios ABS"
18,Tiguan,Volkswagen,57540,R$ 6904.80 + 52x de R$ 973.75,Rosa,2015,J8575,novo,grande,sedan,8.7,Elétrico,4,"airbag, direção hidráulica, suspensão hidráulica, freios ABS, ar condicionado, alarme"
19,Polo,Volkswagen,63825,R$ 12765.00 + 56x de R$ 911.79,Laranja,2020,B6183,usado,médio,utilitario,8.57,Etanol,2,"desembaçador de vidro, airbag"
20,Sentra,Nissan,36239,R$ 6885.41 + 53x de R$ 553.84,Preto,2016,G5019,seminovo,médio,utilitario,12.56,Etanol,4,"trava elétrica, GPS, desembaçador de vidro, direção hidráulica, alarme, freios ABS"
21,Accord,Honda,106961,R$ 16044.15 + 53x de R$ 1715.41,Laranja,2019,C6970,novo,médio,pickup,13.98,Gasolina,4,"trava elétrica, direção hidráulica, câmera de ré, GPS, ar condicionado, airbag, desembaçador de vidro, alarme, central multimedia"
22,CX-5,Mazda,97622,R$ 15619.52 + 60x de R$ 1366.71,Marrom,2003,P8968,seminovo,pequeno,utilitario,8.4,Elétrico,2,"GPS, suspensão hidráulica, airbag, trava elétrica"
23,Pilot,Honda,63831,R$ 12766.20 + 40x de R$ 1276.62,Vermelho,2012,C7056,seminovo,médio,hatch,9.13,Diesel,4,"ar condicionado, freios ABS"
24,Tiguan,Volkswagen,144089,R$ 21613.35 + 34x de R$ 3602.22,Branco,2017,C5258,novo,pequeno,hatch,15.61,Etanol,4,"alarme, freios ABS, direção hidráulica, airbag"
25,S10,Chevrolet,132679,R$ 18575.06 + 44x de R$ 2593.27,Laranja,2024,B5785,usado,pequeno,hatch,12.47,Gasolina,2,"ar condicionado, freios ABS, alarme"
26,Altima,Nissan,70318,R$ 7734.98 + 58x de R$ 1079.02,Marrom,2006,M5965,novo,médio,sedan,15.88,Gasolina,4,"ar condicionado, direção hidráulica, desembaçador de vidro, suspensão hidráulica, GPS, alarme, airbag"
27,Tiguan,Volkswagen,114465,R$ 21748.35 + 40x de R$ 2317.92,Cinza,2021,Y1017,seminovo,pequeno,utilitario,15.93,Híbrido,4,"suspensão hidráulica, central multimedia, airbag, freios ABS, trava elétrica"
28,Cruze,Chevrolet,46161,R$ 8308.98 + 47x de R$ 805.36,Rosa,2021,I2253,novo,pequeno,sedan,12.27,Gasolina,2,"central multimedia, freios ABS, ar condicionado, airbag, desembaçador de vidro, GPS, alarme, câmera de ré, direção hidráulica, suspensão hidráulica, trava elétrica"
29,Kona,Hyundai,68824,R$ 10323.60 + 43x de R$ 1360.47,Laranja,2002,C3665,novo,pequeno,hatch,12.35,Etanol,2,"desembaçador de vidro, ar condicionado, alarme, direção hidráulica, GPS, airbag, freios ABS"
30,Altima,Nissan,61767,R$ 6176.70 + 45x de R$ 1235.34,Laranja,2010,E9703,seminovo,grande,sedan,17.1,Etanol,2,"trava elétrica, airbag, freios ABS, desembaçador de vidro, ar condicionado, direção hidráulica, suspensão hidráulica, central multimedia, câmera de ré"
31,Onix,Chevrolet,72082,R$ 11533.12 + 53x de R$ 1142.43,Branco,2010,L1577,novo,médio,pickup,14.95,Híbrido,4,"freios ABS, trava elétrica, câmera de ré"
32,Altima,Nissan,37038,R$ 7037.22 + 30x de R$ 1000.03,Rosa,2022,O2777,seminovo,grande,utilitario,16.23,Elétrico,4,"suspensão hidráulica, câmera de ré, alarme, GPS, central multimedia, freios ABS, desembaçador de vidro"
33,RAV4,Toyota,124237,R$ 22362.66 + 36x de R$ 2829.84,Rosa,2004,Z1937,novo,grande,hatch,8.18,Diesel,2,"trava elétrica, GPS, direção hidráulica, airbag, alarme"
34,Tiguan,Volkswagen,94910,R$ 17083.80 + 28x de R$ 2779.51,Rosa,2014,M6825,usado,médio,utilitario,12.88,Gasolina,2,"câmera de ré, central multimedia, freios ABS, suspensão hidráulica"
35,CX-5,Mazda,138929,R$ 13892.90 + 41x de R$ 3049.66,Branco,2012,D3944,usado,médio,sedan,13.81,Etanol,4,"airbag, suspensão hidráulica, alarme"
36,Cruze,Chevrolet,106241,R$ 13811.33 + 38x de R$ 2432.36,Branco,2014,P9927,usado,médio,pickup,12.96,Elétrico,2,"desembaçador de vidro, câmera de ré, ar condicionado, direção hidráulica, alarme, trava elétrica"
37,Focus,Ford,119390,R$ 15520.70 + 43x de R$ 2415.57,Cinza,2021,O5022,usado,grande,utilitario,8.09,Elétrico,4,"alarme, airbag, ar condicionado, central multimedia"
38,Polo,Volkswagen,114553,R$ 16037.42 + 59x de R$ 1669.76,Marrom,2010,W5620,novo,médio,hatch,13.2,Elétrico,2,"central multimedia, GPS, direção hidráulica, trava elétrica"
39,Mustang,Ford,139985,R$ 16798.20 + 60x de R$ 2053.11,Cinza,2005,K7714,novo,grande,hatch,13.47,Gasolina,2,"câmera de ré, ar condicionado, direção hidráulica, trava elétrica, central multimedia, airbag, alarme, freios ABS, desembaçador de vidro"
40,Rogue,Nissan,51277,R$ 9742.63 + 42x de R$ 988.91,Vermelho,1999,Q6552,novo,pequeno,hatch,12.58,Elétrico,4,"freios ABS, central multimedia, suspensão hidráulica, GPS, ar condicionado, direção hidráulica"
41,RAV4,Toyota,139905,R$ 27981.00 + 29x de R$ 3859.45,Marrom,2013,J1871,usado,pequeno,hatch,9.08,Etanol,2,"central multimedia, desembaçador de vidro, ar condicionado, trava elétrica, freios ABS, suspensão hidráulica, GPS"
42,RAV4,Toyota,38042,R$ 6086.72 + 49x de R$ 652.15,Marrom,2022,O9688,usado,grande,utilitario,12.83,Diesel,4,"GPS, trava elétrica, freios ABS, câmera de ré, airbag, direção hidráulica, alarme, central multimedia, suspensão hidráulica, ar condicionado"
43,Camaro,Chevrolet,107400,R$ 11814.00 + 31x de R$ 3083.42,Vermelho,2015,M6085,novo,pequeno,sedan,13.26,Elétrico,4,"desembaçador de vidro, suspensão hidráulica, alarme, airbag, central multimedia, freios ABS, trava elétrica, câmera de ré, direção hidráulica"
44,Camaro,Chevrolet,140108,R$ 28021.60 + 60x de R$ 1868.11,Marrom,2001,Z8961,novo,grande,hatch,8.39,Gasolina,2,"GPS, desembaçador de vidro, trava elétrica"
45,Pilot,Honda,139591,R$ 27918.20 + 24x de R$ 4653.03,Azul,1999,I8815,novo,médio,hatch,17.96,Elétrico,4,"GPS, desembaçador de vidro, central multimedia, suspensão hidráulica, freios ABS, ar condicionado, alarme, airbag, direção hidráulica, câmera de ré"
46,Corolla,Toyota,71327,R$ 8559.24 + 52x de R$ 1207.07,Lilás,2006,C9027,usado,pequeno,utilitario,14.57,Híbrido,2,"câmera de ré, direção hidráulica, central multimedia, airbag"
47,Corolla,Toyota,61908,R$ 6809.88 + 31x de R$ 1777.36,Rosa,2006,H4490,seminovo,grande,sedan,13.18,Híbrido,2,"câmera de ré, direção hidráulica, desembaçador de vidro, airbag, central multimedia, trava elétrica, GPS, suspensão hidráulica"
48,CR-V,Honda,83785,R$ 16757.00 + 25x de R$ 2681.12,Rosa,2014,Q8790,usado,pequeno,sedan,12.48,Gasolina,2,"central multimedia, airbag, câmera de ré, freios ABS, suspensão hidráulica, trava elétrica, GPS, alarme"
49,Toro,Fiat,104315,R$ 19819.85 + 47x de R$ 1797.77,Rosa,2008,H7858,usado,médio,sedan,12.33,Diesel,4,"alarme, câmera de ré, direção hidráulica, desembaçador de vidro, airbag, freios ABS, ar condicionado"
50,Cruze,Chevrolet,65201,R$ 6520.10 + 36x de R$ 1630.03,Vermelho,2003,Y4796,usado,grande,sedan,14.03,Elétrico,2,"GPS, ar condicionado, trava elétrica"
51,Mustang,Ford,82789,R$ 14902.02 + 34x de R$ 1996.68,Prata,2024,H5015,usado,grande,utilitario,10.24,Gasolina,2,"desembaçador de vidro, trava elétrica, ar condicionado, GPS, alarme, central multimedia, airbag, direção hidráulica, suspensão hidráulica, freios ABS, câmera de ré"
52,Kona,Hyundai,149678,R$ 26942.04 + 44x de R$ 2789.45,Branco,2005,X6033,novo,pequeno,utilitario,16.44,Etanol,2,"ar condicionado, central multimedia, desembaçador de vidro, freios ABS, airbag, alarme, direção hidráulica, suspensão hidráulica, câmera de ré, GPS"
53,Mazda3,Mazda,126527,R$ 20244.32 + 25x de R$ 4251.31,Lilás,2017,J2857,novo,médio,hatch,15.71,Gasolina,2,"desembaçador de vidro, suspensão hidráulica, trava elétrica, alarme, airbag, direção hidráulica, freios ABS, câmera de ré"
54,CX-5,Mazda,54923,R$ 8238.45 + 35x de R$ 1333.84,Cinza,2017,G8199,usado,pequeno,sedan,13.27,Elétrico,2,"trava elétrica, ar condicionado, GPS, câmera de ré, freios ABS, direção hidráulica, suspensão hidráulica, desembaçador de vidro, alarme, airbag, central multimedia"
55,Corolla,Toyota,75147,R$ 9017.64 + 46x de R$ 1437.59,Cinza,2017,O1730,novo,grande,utilitario,8.8,Híbrido,2,"câmera de ré, direção hidráulica, trava elétrica, GPS, central multimedia, alarme, ar condicionado, suspensão hidráulica"
56,Golf,Volkswagen,144639,R$ 24588.63 + 58x de R$ 2069.83,Preto,2012,X8626,novo,grande,utilitario,17.55,Híbrido,2,"central multimedia, freios ABS, desembaçador de vidro, direção hidráulica, câmera de ré"
57,Mazda3,Mazda,76961,R$ 13083.37 + 41x de R$ 1557.99,Azul,2006,F7728,seminovo,médio,hatch,9.48,Diesel,2,"ar condicionado, desembaçador de vidro, câmera de ré, airbag, trava elétrica, freios ABS, suspensão hidráulica, alarme"
58,Pilot,Honda,118876,R$ 15453.88 + 56x de R$ 1846.82,Cinza,2011,Y3734,seminovo,médio,pickup,12.2,Elétrico,2,"trava elétrica, câmera de ré, GPS, freios ABS, airbag, direção hidráulica, alarme, desembaçador de vidro, suspensão hidráulica, ar condicionado"
59,Pilot,Honda,63722,R$ 12107.18 + 56x de R$ 921.69,Lilás,2020,R4754,novo,pequeno,pickup,9.53,Etanol,2,"câmera de ré, alarme, airbag, desembaçador de vidro, ar condicionado, direção hidráulica"
60,Camaro,Chevrolet,31353,R$ 3762.36 + 52x de R$ 530.59,Prata,2013,D5853,seminovo,pequeno,sedan,13.41,Elétrico,2,"freios ABS, trava elétrica, direção hidráulica, central multimedia, alarme, câmera de ré, GPS, airbag, ar condicionado, desembaçador de vidro"
61,Toro,Fiat,100195,R$ 11021.45 + 26x de R$ 3429.75,Azul,2024,T9860,usado,médio,pickup,15.37,Diesel,2,"suspensão hidráulica, desembaçador de vidro, câmera de ré, direção hidráulica, alarme, airbag, ar condicionado, freios ABS"
62,Civic,Honda,93327,R$ 10265.97 + 51x de R$ 1628.65,Vermelho,2006,C6512,novo,grande,sedan,8.75,Etanol,2,"desembaçador de vidro, freios ABS, câmera de ré, suspensão hidráulica, direção hidráulica, alarme, ar condicionado, trava elétrica, airbag, GPS"
63,Corolla,Toyota,88439,R$ 8843.90 + 35x de R$ 2274.15,Marrom,2002,Y2238,novo,pequeno,pickup,10.93,Gasolina,2,"alarme, airbag, GPS, ar condicionado, direção hidráulica, freios ABS, suspensão hidráulica, trava elétrica, câmera de ré, central multimedia"
64,Kona,Hyundai,143627,R$ 18671.51 + 30x de R$ 4165.18,Vermelho,2023,Q2451,seminovo,médio,hatch,10.39,Diesel,2,"suspensão hidráulica, ar condicionado, direção hidráulica, freios ABS"
65,CR-V,Honda,121663,R$ 13382.93 + 30x de R$ 3609.34,Cinza,2021,X7450,usado,grande,hatch,13.52,Gasolina,2,"direção hidráulica, freios ABS, GPS, trava elétrica"
66,Elantra,Hyundai,107308,R$ 19315.44 + 26x de R$ 3384.33,Azul,2007,V8305,novo,pequeno,hatch,18.0,Híbrido,4,"freios ABS, direção hidráulica, desembaçador de vidro, GPS, central multimedia, câmera de ré, suspensão hidráulica, alarme, airbag, ar condicionado, trava elétrica"
67,Hilux,Toyota,39077,R$ 4298.47 + 55x de R$ 632.34,Laranja,2020,W1992,seminovo,pequeno,hatch,9.11,Diesel,4,"ar condicionado, GPS, direção hidráulica"
68,Elantra,Hyundai,98623,R$ 10848.53 + 55x de R$ 1595.90,Cinza,2005,Q4922,seminovo,médio,utilitario,12.39,Gasolina,2,"alarme, freios ABS, central multimedia, desembaçador de vidro, suspensão hidráulica"
69,CR-V,Honda,47023,R$ 8464.14 + 41x de R$ 940.46,Cinza,2014,H8575,novo,médio,hatch,14.95,Híbrido,2,"freios ABS, alarme, GPS, suspensão hidráulica"
70,CR-V,Honda,66734,R$ 12679.46 + 36x de R$ 1501.52,Azul,2016,A7592,novo,médio,sedan,10.02,Gasolina,2,"trava elétrica, direção hidráulica, ar condicionado, freios ABS"
71,Uno,Fiat,47238,R$ 7085.70 + 25x de R$ 1606.09,Azul,2003,G1584,usado,pequeno,sedan,11.11,Etanol,4,"suspensão hidráulica, câmera de ré, alarme, ar condicionado"
72,Strada,Fiat,59111,R$ 9457.76 + 47x de R$ 1056.45,Branco,2022,J1927,seminovo,pequeno,pickup,17.49,Diesel,2,"ar condicionado, central multimedia, desembaçador de vidro, airbag, freios ABS, GPS, alarme, câmera de ré, suspensão hidráulica"
73,MX-5,Mazda,74566,R$ 14913.20 + 37x de R$ 1612.24,Prata,2012,N3022,seminovo,pequeno,pickup,10.61,Elétrico,4,"trava elétrica, alarme, GPS, airbag, freios ABS, câmera de ré"
74,RAV4,Toyota,119880,R$ 23976.00 + 38x de R$ 2523.79,Lilás,2020,M3892,seminovo,grande,hatch,11.16,Gasolina,2,"suspensão hidráulica, direção hidráulica, ar condicionado, desembaçador de vidro, trava elétrica, central multimedia, freios ABS, câmera de ré"
75,Uno,Fiat,66213,R$ 12580.47 + 53x de R$ 1011.93,Rosa,2021,Q3767,seminovo,médio,hatch,15.5,Etanol,4,"suspensão hidráulica, airbag, ar condicionado, alarme, central multimedia, trava elétrica, câmera de ré"
76,Rogue,Nissan,137208,R$ 26069.52 + 27x de R$ 4116.24,Prata,2008,B4284,usado,grande,utilitario,16.83,Diesel,4,"airbag, suspensão hidráulica, desembaçador de vidro"
77,Pilot,Honda,76746,R$ 14581.74 + 28x de R$ 2220.15,Vermelho,2005,V5749,usado,grande,hatch,11.03,Elétrico,4,"suspensão hidráulica, alarme, ar condicionado, trava elétrica, airbag, central multimedia, GPS, freios ABS, direção hidráulica, desembaçador de vidro"
78,Elantra,Hyundai,65589,R$ 9838.35 + 29x de R$ 1922.44,Cinza,2024,G8825,usado,médio,utilitario,16.49,Diesel,2,"GPS, trava elétrica, câmera de ré, suspensão hidráulica, alarme, airbag"
79,MX-5,Mazda,81280,R$ 8128.00 + 45x de R$ 1625.60,Lilás,2015,Z1580,novo,pequeno,sedan,10.0,Diesel,2,"direção hidráulica, ar condicionado, airbag, freios ABS, alarme, central multimedia, GPS, suspensão hidráulica"
80,Altima,Nissan,68507,R$ 7535.77 + 53x de R$ 1150.40,Vermelho,2017,C9664,seminovo,grande,hatch,9.77,Etanol,4,"desembaçador de vidro, airbag, suspensão hidráulica"
81,Santa Fe,Hyundai,64818,R$ 9074.52 + 31x de R$ 1798.18,Laranja,2011,Q3533,usado,pequeno,sedan,10.83,Elétrico,2,"central multimedia, câmera de ré, ar condicionado, airbag, desembaçador de vidro, direção hidráulica, trava elétrica, suspensão hidráulica, GPS, freios ABS"
82,Sentra,Nissan,143197,R$ 22911.52 + 33x de R$ 3645.01,Lilás,2019,Z3922,seminovo,pequeno,utilitario,12.45,Elétrico,4,"freios ABS, alarme, desembaçador de vidro"
83,Sentra,Nissan,88378,R$ 12372.92 + 52x de R$ 1461.64,Preto,2012,O7473,novo,pequeno,hatch,13.49,Elétrico,4,"GPS, suspensão hidráulica, freios ABS, desembaçador de vidro, ar condicionado"
84,Fiesta,Ford,126907,R$ 13959.77 + 38x de R$ 2972.30,Preto,2010,Z9438,seminovo,grande,hatch,13.06,Elétrico,2,"direção hidráulica, airbag, câmera de ré"
85,Altima,Nissan,109082,R$ 20725.58 + 59x de R$ 1497.57,Vermelho,2008,E6279,novo,médio,hatch,16.45,Híbrido,2,"central multimedia, desembaçador de vidro, freios ABS, alarme, trava elétrica, direção hidráulica"
86,Fiesta,Ford,70418,R$ 13379.42 + 51x de R$ 1118.40,Prata,2016,N4537,usado,grande,pickup,11.33,Diesel,2,"desembaçador de vidro, freios ABS"
87,Frontier,Nissan,98114,R$ 10792.54 + 37x de R$ 2360.04,Vermelho,2003,E8091,usado,pequeno,pickup,13.38,Etanol,4,"GPS, ar condicionado"
88,Jetta,Volkswagen,130722,R$ 22222.74 + 42x de R$ 2583.32,Cinza,2006,Q4328,usado,pequeno,pickup,16.94,Elétrico,4,"trava elétrica, direção hidráulica, desembaçador de vidro, airbag, central multimedia, câmera de ré, alarme, freios ABS"
89,Onix,Chevrolet,43023,R$ 8604.60 + 37x de R$ 930.23,Azul,2014,P1183,usado,pequeno,hatch,9.52,Etanol,4,"câmera de ré, freios ABS, central multimedia"
90,Jetta,Volkswagen,82975,R$ 13276.00 + 54x de R$ 1290.72,Laranja,2014,O6464,novo,grande,hatch,17.28,Elétrico,2,"GPS, suspensão hidráulica, alarme, airbag, central multimedia, direção hidráulica, desembaçador de vidro, ar condicionado, freios ABS, câmera de ré"
91,Mazda6,Mazda,90262,R$ 11734.06 + 53x de R$ 1481.66,Vermelho,2001,F1247,usado,médio,pickup,12.99,Etanol,2,"GPS, airbag, suspensão hidráulica, alarme, direção hidráulica"
92,Tiguan,Volkswagen,93218,R$ 16779.24 + 50x de R$ 1528.78,Laranja,2001,H4180,usado,grande,pickup,13.35,Etanol,2,"suspensão hidráulica, freios ABS, câmera de ré, direção hidráulica, trava elétrica, central multimedia, GPS, alarme, ar condicionado, desembaçador de vidro, airbag"
93,CX-5,Mazda,140406,R$ 26677.14 + 60x de R$ 1895.48,Vermelho,2017,D1781,usado,médio,hatch,12.64,Elétrico,4,"ar condicionado, direção hidráulica, desembaçador de vidro"
94,Toro,Fiat,127425,R$ 24210.75 + 28x de R$ 3686.22,Cinza,1999,O4144,usado,médio,pickup,9.33,Diesel,2,"suspensão hidráulica, direção hidráulica, alarme, trava elétrica, GPS, freios ABS, ar condicionado, airbag"
95,Tucson,Hyundai,123824,R$ 21050.08 + 45x de R$ 2283.86,Rosa,2001,Y1924,seminovo,médio,hatch,16.33,Híbrido,4,"central multimedia, GPS, câmera de ré, airbag, direção hidráulica, desembaçador de vidro, ar condicionado"
96,Onix,Chevrolet,108586,R$ 17373.76 + 49x de R$ 1861.47,Vermelho,2019,G4419,usado,grande,pickup,14.65,Híbrido,2,"câmera de ré, central multimedia"
97,Focus,Ford,72825,R$ 9467.25 + 24x de R$ 2639.91,Marrom,2021,S1803,usado,médio,sedan,13.28,Elétrico,4,"GPS, câmera de ré, direção hidráulica, freios ABS, trava elétrica, desembaçador de vidro, alarme, airbag"
98,Ranger,Ford,120822,R$ 14498.64 + 46x de R$ 2311.38,Azul,2021,A7006,novo,pequeno,sedan,11.2,Gasolina,2,"trava elétrica, airbag, câmera de ré, suspensão hidráulica, freios ABS, central multimedia, ar condicionado, GPS, desembaçador de vidro, alarme"
99,Frontier,Nissan,122145,R$ 21986.10 + 37x de R$ 2707.00,Laranja,2022,T9422,usado,médio,hatch,17.88,Gasolina,2,"ar condicionado, GPS, freios ABS, câmera de ré, direção hidráulica, suspensão hidráulica, alarme, airbag, central multimedia, desembaçador de vidro"
100,Corolla,Toyota,126063,R$ 17648.82 + 30x de R$ 3613.81,Azul,2010,G5634,seminovo,pequeno,pickup,13.51,Híbrido,2,"trava elétrica, direção hidráulica"
101,Toro,Fiat,146426,R$ 24892.42 + 56x de R$ 2170.24,Cinza,2014,F6518,usado,grande,hatch,8.49,Elétrico,2,"suspensão hidráulica, freios ABS, trava elétrica, alarme, airbag, desembaçador de vidro, central multimedia"
102,Focus,Ford,105774,R$ 17981.58 + 54x de R$ 1625.79,Azul,2006,Z9221,seminovo,grande,hatch,11.43,Elétrico,2,"freios ABS, trava elétrica"
103,Accord,Honda,49964,R$ 6994.96 + 28x de R$ 1534.61,Branco,2016,L8194,novo,médio,hatch,13.54,Diesel,2,"airbag, câmera de ré, central multimedia, trava elétrica, desembaçador de vidro, alarme, direção hidráulica, ar condicionado"
104,Pilot,Honda,62012,R$ 12402.40 + 42x de R$ 1181.18,Lilás,2001,J2433,novo,grande,sedan,12.49,Híbrido,4,"alarme, suspensão hidráulica, desembaçador de vidro, ar condicionado, freios ABS, airbag, central multimedia, câmera de ré, GPS, trava elétrica, direção hidráulica"
105,Santa Fe,Hyundai,134492,R$ 16139.04 + 53x de R$ 2233.07,Prata,2023,I6318,seminovo,pequeno,pickup,17.73,Gasolina,4,"suspensão hidráulica, freios ABS, central multimedia, airbag, GPS, direção hidráulica, desembaçador de vidro, alarme"
106,Cruze,Chevrolet,83588,R$ 16717.60 + 45x de R$ 1486.01,Preto,2005,D6531,novo,médio,sedan,11.47,Elétrico,4,"freios ABS, ar condicionado"
107,MX-5,Mazda,99637,R$ 12952.81 + 45x de R$ 1926.32,Rosa,2002,Z2677,usado,grande,hatch,17.96,Gasolina,2,"ar condicionado, GPS"
108,Frontier,Nissan,136498,R$ 25934.62 + 25x de R$ 4422.54,Laranja,2015,V6108,novo,médio,hatch,8.54,Gasolina,2,"câmera de ré, GPS, freios ABS, trava elétrica, alarme"
109,Pilot,Honda,63188,R$ 8846.32 + 40x de R$ 1358.54,Rosa,2003,A3648,seminovo,pequeno,sedan,12.96,Gasolina,2,"suspensão hidráulica, direção hidráulica, trava elétrica, desembaçador de vidro, câmera de ré, central multimedia"
110,CR-V,Honda,44431,R$ 4443.10 + 52x de R$ 769.00,Vermelho,2023,Y5490,usado,pequeno,pickup,9.29,Etanol,2,"central multimedia, câmera de ré, GPS, trava elétrica, freios ABS, desembaçador de vidro, suspensão hidráulica, airbag, direção hidráulica, alarme, ar condicionado"
111,Mazda6,Mazda,106032,R$ 12723.84 + 32x de R$ 2915.88,Cinza,2000,W2499,usado,médio,sedan,8.67,Etanol,2,"airbag, câmera de ré, desembaçador de vidro, trava elétrica, freios ABS, GPS, direção hidráulica, ar condicionado"
112,Tiguan,Volkswagen,145384,R$ 23261.44 + 37x de R$ 3300.61,Lilás,2001,M4112,seminovo,grande,sedan,8.1,Híbrido,4,"freios ABS, airbag, suspensão hidráulica, alarme, central multimedia, trava elétrica, câmera de ré, direção hidráulica"
113,Fiesta,Ford,33809,R$ 5409.44 + 33x de R$ 860.59,Marrom,2007,G8307,seminovo,grande,utilitario,9.6,Etanol,2,"suspensão hidráulica, freios ABS, direção hidráulica, central multimedia, alarme, trava elétrica, ar condicionado, airbag, câmera de ré, GPS"
114,Focus,Ford,138946,R$ 13894.60 + 28x de R$ 4466.12,Rosa,2015,O8081,usado,médio,pickup,17.35,Etanol,2,"desembaçador de vidro, airbag, ar condicionado, GPS, câmera de ré, freios ABS, trava elétrica, suspensão hidráulica"
115,Mazda3,Mazda,114382,R$ 14869.66 + 30x de R$ 3317.08,Vermelho,2007,V6019,usado,grande,utilitario,9.97,Gasolina,2,"airbag, central multimedia, freios ABS, suspensão hidráulica, desembaçador de vidro, alarme, câmera de ré"
116,Polo,Volkswagen,31907,R$ 3828.84 + 41x de R$ 684.83,Vermelho,2003,G7456,usado,pequeno,utilitario,10.57,Elétrico,2,"trava elétrica, airbag, suspensão hidráulica, central multimedia, câmera de ré, direção hidráulica, freios ABS, ar condicionado, GPS, desembaçador de vidro"
117,Mazda3,Mazda,80854,R$ 10511.02 + 55x de R$ 1278.96,Cinza,2015,F5057,novo,pequeno,hatch,11.3,Etanol,2,"câmera de ré, suspensão hidráulica"
118,Golf,Volkswagen,143048,R$ 20026.72 + 44x de R$ 2795.94,Lilás,1999,P6935,novo,médio,sedan,12.89,Elétrico,2,"trava elétrica, câmera de ré, freios ABS, central multimedia, suspensão hidráulica"
119,Frontier,Nissan,141750,R$ 17010.00 + 44x de R$ 2835.00,Lilás,2022,T6731,usado,pequeno,hatch,8.2,Híbrido,4,"central multimedia, GPS, desembaçador de vidro, alarme, suspensão hidráulica, airbag, direção hidráulica, trava elétrica, câmera de ré"
120,Sentra,Nissan,40197,R$ 6431.52 + 54x de R$ 625.29,Laranja,2003,X6064,novo,grande,utilitario,12.86,Diesel,2,"trava elétrica, desembaçador de vidro, ar condicionado, central multimedia, alarme, freios ABS, suspensão hidráulica, airbag"
121,Ranger,Ford,72347,R$ 10128.58 + 58x de R$ 1072.73,Lilás,2006,I7498,usado,grande,utilitario,9.5,Diesel,4,"central multimedia, trava elétrica, freios ABS, airbag, GPS"
122,Polo,Volkswagen,88394,R$ 17678.80 + 56x de R$ 1262.77,Lilás,2010,S4419,novo,grande,pickup,9.08,Diesel,4,"suspensão hidráulica, GPS, freios ABS, alarme, ar condicionado, direção hidráulica"
123,Onix,Chevrolet,32570,R$ 3582.70 + 53x de R$ 546.93,Cinza,2019,C7467,novo,médio,hatch,15.3,Diesel,4,"desembaçador de vidro, freios ABS, central multimedia, GPS, câmera de ré, airbag"
124,Focus,Ford,146290,R$ 24869.30 + 41x de R$ 2961.48,Cinza,2006,I7138,usado,médio,pickup,17.4,Etanol,2,"alarme, trava elétrica, ar condicionado, central multimedia, GPS, suspensão hidráulica, freios ABS, câmera de ré"
125,Camaro,Chevrolet,30939,R$ 4950.24 + 59x de R$ 440.49,Lilás,2024,U6885,novo,grande,pickup,17.32,Elétrico,4,"central multimedia, GPS, alarme, airbag, suspensão hidráulica, trava elétrica, desembaçador de vidro, câmera de ré"
126,S10,Chevrolet,50724,R$ 5579.64 + 34x de R$ 1327.78,Lilás,2017,S2576,novo,médio,sedan,15.53,Elétrico,4,"suspensão hidráulica, airbag, direção hidráulica, central multimedia, alarme"
127,Frontier,Nissan,52080,R$ 10416.00 + 41x de R$ 1016.20,Vermelho,2021,S1245,novo,médio,utilitario,14.02,Diesel,4,"desembaçador de vidro, airbag, câmera de ré, ar condicionado"
128,Civic,Honda,111282,R$ 11128.20 + 35x de R$ 2861.54,Preto,2020,Q5701,usado,médio,utilitario,8.33,Etanol,2,"airbag, GPS, trava elétrica, alarme, freios ABS, central multimedia, direção hidráulica, suspensão hidráulica, desembaçador de vidro, ar condicionado"
129,S10,Chevrolet,61789,R$ 9886.24 + 38x de R$ 1365.86,Preto,2010,Z9824,usado,pequeno,hatch,17.05,Diesel,2,"GPS, central multimedia, trava elétrica, direção hidráulica"
130,Cruze,Chevrolet,118209,R$ 13002.99 + 52x de R$ 2023.19,Branco,2015,H3893,novo,médio,utilitario,17.79,Diesel,4,"trava elétrica, suspensão hidráulica"
131,Camaro,Chevrolet,74789,R$ 11966.24 + 48x de R$ 1308.81,Azul,2007,N2049,seminovo,grande,utilitario,15.36,Etanol,2,"trava elétrica, direção hidráulica, câmera de ré, alarme, central multimedia, airbag, ar condicionado, freios ABS, desembaçador de vidro, GPS, suspensão hidráulica"
132,Altima,Nissan,129398,R$ 20703.68 + 58x de R$ 1874.04,Laranja,2011,Q2470,usado,grande,sedan,11.22,Híbrido,2,"câmera de ré, direção hidráulica, GPS, freios ABS, alarme, ar condicionado"
133,Jetta,Volkswagen,83048,R$ 14118.16 + 41x de R$ 1681.22,Preto,2008,V3545,seminovo,grande,pickup,8.77,Híbrido,2,"central multimedia, GPS, freios ABS, airbag, trava elétrica, suspensão hidráulica, ar condicionado, câmera de ré, alarme, direção hidráulica"
134,Santa Fe,Hyundai,131109,R$ 23599.62 + 43x de R$ 2500.22,Preto,2007,L8408,novo,grande,hatch,9.64,Etanol,4,"desembaçador de vidro, GPS, suspensão hidráulica, câmera de ré, alarme, ar condicionado, central multimedia, airbag"
135,Cruze,Chevrolet,142160,R$ 21324.00 + 45x de R$ 2685.24,Preto,2003,U5963,usado,médio,sedan,17.71,Gasolina,4,"ar condicionado, airbag, direção hidráulica, alarme, trava elétrica, desembaçador de vidro, câmera de ré, GPS"
136,Focus,Ford,64190,R$ 12838.00 + 38x de R$ 1351.37,Prata,2024,F1700,usado,grande,sedan,8.23,Híbrido,4,"trava elétrica, suspensão hidráulica, desembaçador de vidro, airbag, câmera de ré, GPS, direção hidráulica, alarme"
137,Hilux,Toyota,51359,R$ 9758.21 + 55x de R$ 756.38,Lilás,2002,W8727,seminovo,médio,utilitario,17.46,Gasolina,2,"direção hidráulica, freios ABS, suspensão hidráulica, airbag, ar condicionado, central multimedia"
138,Accord,Honda,137682,R$ 16521.84 + 27x de R$ 4487.41,Marrom,2008,J5874,usado,pequeno,utilitario,8.81,Diesel,4,"airbag, direção hidráulica, alarme, freios ABS, câmera de ré, GPS, suspensão hidráulica, trava elétrica"
139,Civic,Honda,57298,R$ 8021.72 + 32x de R$ 1539.88,Preto,2007,M4140,usado,pequeno,utilitario,15.35,Diesel,4,"airbag, desembaçador de vidro, suspensão hidráulica"
140,Toro,Fiat,67142,R$ 8057.04 + 40x de R$ 1477.12,Cinza,2011,M7450,novo,médio,utilitario,15.22,Híbrido,4,"alarme, trava elétrica, airbag, direção hidráulica, desembaçador de vidro"
141,Strada,Fiat,31779,R$ 5084.64 + 27x de R$ 988.68,Marrom,2021,L2041,usado,médio,pickup,15.9,Elétrico,4,"GPS, trava elétrica, direção hidráulica"
142,Cruze,Chevrolet,118330,R$ 21299.40 + 54x de R$ 1796.86,Preto,2011,Q5683,usado,médio,sedan,12.66,Gasolina,4,"freios ABS, suspensão hidráulica"
143,Onix,Chevrolet,145448,R$ 23271.68 + 30x de R$ 4072.54,Laranja,2006,T6088,seminovo,médio,pickup,15.32,Etanol,2,"airbag, central multimedia, suspensão hidráulica, alarme, direção hidráulica, ar condicionado, câmera de ré"
144,Tucson,Hyundai,61266,R$ 8577.24 + 34x de R$ 1549.67,Rosa,2020,V6929,novo,médio,sedan,16.41,Elétrico,4,"suspensão hidráulica, desembaçador de vidro, freios ABS, câmera de ré, alarme, central multimedia, GPS, direção hidráulica, airbag"
145,Ranger,Ford,65725,R$ 13145.00 + 42x de R$ 1251.90,Laranja,2004,U7322,seminovo,grande,pickup,14.53,Elétrico,4,"direção hidráulica, GPS, airbag, desembaçador de vidro, suspensão hidráulica, trava elétrica, câmera de ré, freios ABS, central multimedia, alarme"
146,RAV4,Toyota,63401,R$ 12046.19 + 44x de R$ 1167.15,Azul,2021,A5545,usado,médio,sedan,14.63,Etanol,2,"freios ABS, trava elétrica, GPS, central multimedia"
147,Camaro,Chevrolet,147767,R$ 22165.05 + 39x de R$ 3220.56,Azul,2008,I4714,seminovo,médio,hatch,9.0,Elétrico,2,"desembaçador de vidro, câmera de ré"
148,RAV4,Toyota,77616,R$ 13194.72 + 34x de R$ 1894.74,Laranja,2018,K3180,novo,pequeno,sedan,9.26,Híbrido,2,"direção hidráulica, alarme, GPS, central multimedia, suspensão hidráulica, trava elétrica, desembaçador de vidro, ar condicionado, câmera de ré, airbag, freios ABS"
149,Fiesta,Ford,124299,R$ 24859.80 + 50x de R$ 1988.78,Rosa,2012,X9663,usado,médio,sedan,10.74,Híbrido,2,"freios ABS, câmera de ré"
150,Civic,Honda,104068,R$ 13528.84 + 44x de R$ 2057.71,Laranja,2012,F3270,seminovo,pequeno,sedan,9.13,Diesel,4,"câmera de ré, alarme, ar condicionado, suspensão hidráulica, direção hidráulica, central multimedia, airbag"
151,Ranger,Ford,86531,R$ 13844.96 + 26x de R$ 2795.62,Lilás,2022,R1422,seminovo,pequeno,sedan,15.73,Híbrido,4,"ar condicionado, suspensão hidráulica, desembaçador de vidro, central multimedia, alarme, câmera de ré, direção hidráulica, airbag, freios ABS, GPS, trava elétrica"
152,Accord,Honda,88827,R$ 13324.05 + 58x de R$ 1301.77,Rosa,2010,F6801,novo,pequeno,sedan,15.55,Elétrico,4,"alarme, trava elétrica, GPS, suspensão hidráulica, freios ABS"
153,Focus,Ford,120115,R$ 16816.10 + 39x de R$ 2648.69,Rosa,2004,F4920,novo,médio,pickup,16.75,Híbrido,4,"suspensão hidráulica, central multimedia, GPS, câmera de ré, alarme, freios ABS, trava elétrica, direção hidráulica, ar condicionado, desembaçador de vidro, airbag"
154,CR-V,Honda,124806,R$ 24961.20 + 40x de R$ 2496.12,Laranja,2005,K9476,usado,pequeno,hatch,12.57,Híbrido,4,"trava elétrica, central multimedia"
155,Rogue,Nissan,68811,R$ 11697.87 + 56x de R$ 1019.88,Azul,2006,F9529,seminovo,pequeno,sedan,11.57,Gasolina,4,"airbag, desembaçador de vidro"
156,Uno,Fiat,85624,R$ 11987.36 + 39x de R$ 1888.12,Prata,2024,Z5876,seminovo,médio,hatch,17.35,Híbrido,4,"suspensão hidráulica, alarme, desembaçador de vidro, ar condicionado, freios ABS, câmera de ré, direção hidráulica, trava elétrica, airbag, GPS"
157,Camaro,Chevrolet,48434,R$ 9202.46 + 45x de R$ 871.81,Marrom,2020,P9062,novo,grande,utilitario,14.86,Híbrido,2,"desembaçador de vidro, freios ABS, airbag, suspensão hidráulica, GPS, alarme, ar condicionado, central multimedia, câmera de ré, direção hidráulica"
158,Altima,Nissan,65415,R$ 6541.50 + 33x de R$ 1784.05,Branco,2000,W7815,seminovo,pequeno,utilitario,9.72,Diesel,4,"GPS, câmera de ré"
159,MX-5,Mazda,42432,R$ 4667.52 + 53x de R$ 712.54,Marrom,2011,D6117,usado,médio,sedan,12.93,Híbrido,4,"alarme, trava elétrica, câmera de ré, central multimedia, suspensão hidráulica, freios ABS, desembaçador de vidro, direção hidráulica, ar condicionado, GPS, airbag"
160,Frontier,Nissan,100231,R$ 11025.41 + 36x de R$ 2477.93,Laranja,2002,R5699,usado,médio,sedan,14.38,Diesel,4,"direção hidráulica, freios ABS, airbag, central multimedia, desembaçador de vidro, suspensão hidráulica, ar condicionado, alarme"
161,Elantra,Hyundai,55801,R$ 5580.10 + 52x de R$ 965.79,Azul,2014,B5001,novo,grande,utilitario,16.95,Etanol,2,"câmera de ré, central multimedia, GPS, freios ABS"
162,Cruze,Chevrolet,120634,R$ 12063.40 + 45x de R$ 2412.68,Cinza,2018,P9064,usado,médio,utilitario,15.71,Etanol,2,"GPS, alarme, airbag, suspensão hidráulica, desembaçador de vidro, ar condicionado, freios ABS"
163,Ranger,Ford,91650,R$ 10998.00 + 24x de R$ 3360.50,Azul,2020,Z2630,usado,médio,hatch,8.58,Etanol,2,"trava elétrica, suspensão hidráulica"
164,Camaro,Chevrolet,61400,R$ 9210.00 + 45x de R$ 1159.78,Vermelho,2001,T1162,usado,pequeno,sedan,16.74,Elétrico,4,"câmera de ré, GPS, central multimedia, desembaçador de vidro"
165,Santa Fe,Hyundai,63409,R$ 6974.99 + 30x de R$ 1881.13,Marrom,2018,L6920,usado,médio,pickup,8.64,Elétrico,4,"ar condicionado, GPS, trava elétrica, central multimedia, suspensão hidráulica, airbag, desembaçador de vidro"
166,S10,Chevrolet,105960,R$ 18013.20 + 49x de R$ 1794.83,Prata,2005,Z4852,usado,pequeno,sedan,15.96,Elétrico,4,"airbag, trava elétrica, desembaçador de vidro, GPS, câmera de ré, freios ABS, ar condicionado, direção hidráulica, suspensão hidráulica"
167,Ranger,Ford,79840,R$ 12774.40 + 33x de R$ 2032.29,Azul,2016,T6507,seminovo,grande,utilitario,14.5,Híbrido,2,"câmera de ré, direção hidráulica, suspensão hidráulica, desembaçador de vidro, trava elétrica, freios ABS, GPS"
168,Mazda6,Mazda,34922,R$ 6285.96 + 24x de R$ 1193.17,Prata,2020,L7522,usado,médio,sedan,14.56,Híbrido,4,"central multimedia, câmera de ré, trava elétrica, direção hidráulica, desembaçador de vidro"
169,Tucson,Hyundai,57407,R$ 11481.40 + 58x de R$ 791.82,Prata,2018,U3930,seminovo,grande,pickup,11.83,Elétrico,4,"direção hidráulica, GPS, ar condicionado, desembaçador de vidro, central multimedia, freios ABS, alarme, suspensão hidráulica"
170,CR-V,Honda,122143,R$ 23207.17 + 54x de R$ 1832.14,Prata,2015,H6997,seminovo,grande,hatch,10.94,Híbrido,2,"alarme, ar condicionado, direção hidráulica, desembaçador de vidro, trava elétrica, GPS, freios ABS, central multimedia, câmera de ré"
171,CR-V,Honda,69781,R$ 11164.96 + 58x de R$ 1010.62,Lilás,2000,X3825,usado,médio,sedan,8.41,Elétrico,4,"direção hidráulica, freios ABS, GPS, airbag, central multimedia, ar condicionado, desembaçador de vidro, alarme, trava elétrica, suspensão hidráulica, câmera de ré"
172,MX-5,Mazda,143588,R$ 18666.44 + 49x de R$ 2549.42,Branco,2004,X2436,novo,grande,sedan,12.63,Etanol,4,"airbag, trava elétrica, GPS, câmera de ré, direção hidráulica, desembaçador de vidro, alarme, freios ABS"
173,Elantra,Hyundai,99476,R$ 9947.60 + 34x de R$ 2633.19,Marrom,2017,S6107,usado,pequeno,utilitario,10.82,Gasolina,2,"direção hidráulica, desembaçador de vidro, alarme, câmera de ré, trava elétrica, GPS"
174,Elantra,Hyundai,120893,R$ 16925.02 + 50x de R$ 2079.36,Marrom,2003,L9637,novo,grande,sedan,12.65,Etanol,4,"desembaçador de vidro, ar condicionado, alarme"
175,Pilot,Honda,63350,R$ 12670.00 + 24x de R$ 2111.67,Prata,2014,J9572,seminovo,médio,sedan,15.76,Híbrido,4,"trava elétrica, ar condicionado, câmera de ré"
176,Strada,Fiat,112217,R$ 22443.40 + 57x de R$ 1574.98,Marrom,2010,R2226,novo,pequeno,hatch,16.46,Gasolina,2,"central multimedia, câmera de ré, airbag, GPS, desembaçador de vidro, ar condicionado, alarme, trava elétrica"
177,Rogue,Nissan,108959,R$ 17433.44 + 60x de R$ 1525.43,Branco,2023,R1445,novo,médio,hatch,15.66,Híbrido,2,"direção hidráulica, trava elétrica, alarme, GPS, suspensão hidráulica, ar condicionado, freios ABS, câmera de ré, airbag, desembaçador de vidro"
178,CX-5,Mazda,41853,R$ 7533.54 + 50x de R$ 686.39,Azul,2003,A2234,novo,grande,utilitario,11.07,Etanol,2,"central multimedia, airbag, direção hidráulica, GPS, ar condicionado, trava elétrica, freios ABS"
179,Pilot,Honda,109565,R$ 16434.75 + 26x de R$ 3581.93,Prata,2010,C6854,novo,pequeno,utilitario,10.46,Híbrido,2,"GPS, airbag, direção hidráulica, trava elétrica, freios ABS, câmera de ré, ar condicionado"
180,Uno,Fiat,90271,R$ 14443.36 + 35x de R$ 2166.50,Laranja,2009,M1848,novo,médio,hatch,11.5,Etanol,4,"airbag, GPS, trava elétrica, central multimedia, suspensão hidráulica, câmera de ré, desembaçador de vidro"
181,Civic,Honda,90796,R$ 10895.52 + 39x de R$ 2048.73,Laranja,2019,Q4117,seminovo,grande,pickup,15.93,Diesel,4,"ar condicionado, central multimedia, trava elétrica, airbag, direção hidráulica, desembaçador de vidro, freios ABS"
182,Ranger,Ford,115046,R$ 12655.06 + 58x de R$ 1765.36,Vermelho,2006,F6697,seminovo,grande,utilitario,17.88,Híbrido,4,"freios ABS, trava elétrica, desembaçador de vidro, direção hidráulica, GPS"
183,MX-5,Mazda,73537,R$ 10295.18 + 44x de R$ 1437.31,Branco,2006,L7073,seminovo,médio,sedan,13.83,Elétrico,2,"câmera de ré, freios ABS, GPS"
184,Cruze,Chevrolet,54126,R$ 10825.20 + 57x de R$ 759.66,Prata,2009,D1666,seminovo,pequeno,sedan,11.57,Diesel,2,"desembaçador de vidro, trava elétrica, alarme, GPS, suspensão hidráulica, ar condicionado, direção hidráulica"
185,Focus,Ford,54538,R$ 10362.22 + 36x de R$ 1227.11,Prata,2018,T3065,seminovo,pequeno,utilitario,12.87,Etanol,2,"freios ABS, ar condicionado"
186,Tiguan,Volkswagen,143298,R$ 27226.62 + 31x de R$ 3744.24,Preto,2009,W7519,usado,médio,pickup,10.64,Híbrido,2,"câmera de ré, GPS, suspensão hidráulica, freios ABS"
187,Pilot,Honda,45212,R$ 7686.04 + 46x de R$ 815.78,Branco,2005,S8581,usado,grande,sedan,8.16,Elétrico,4,"airbag, GPS, trava elétrica, ar condicionado"
188,Accord,Honda,37088,R$ 3708.80 + 28x de R$ 1192.11,Cinza,2022,W6791,seminovo,médio,sedan,17.23,Híbrido,4,"airbag, desembaçador de vidro"
189,Yaris,Toyota,38863,R$ 7383.97 + 52x de R$ 605.37,Branco,2012,L8618,usado,pequeno,utilitario,11.01,Híbrido,2,"suspensão hidráulica, freios ABS"
190,Corolla,Toyota,79291,R$ 7929.10 + 43x de R$ 1659.58,Cinza,2004,K4576,novo,grande,hatch,14.7,Híbrido,4,"GPS, alarme, ar condicionado"
191,CR-V,Honda,36721,R$ 4039.31 + 54x de R$ 605.22,Marrom,2016,C9573,seminovo,grande,sedan,11.64,Gasolina,4,"câmera de ré, desembaçador de vidro"
192,Ranger,Ford,62595,R$ 11267.10 + 60x de R$ 855.47,Vermelho,2019,Q9816,novo,grande,hatch,13.72,Gasolina,4,"GPS, airbag, freios ABS, direção hidráulica, câmera de ré, trava elétrica, suspensão hidráulica, ar condicionado, central multimedia, alarme"
193,Altima,Nissan,129484,R$ 25896.80 + 30x de R$ 3452.91,Vermelho,2005,E9492,usado,grande,hatch,11.2,Etanol,2,"ar condicionado, câmera de ré, airbag, GPS, trava elétrica, central multimedia, freios ABS, direção hidráulica"
194,Onix,Chevrolet,129532,R$ 25906.40 + 26x de R$ 3985.60,Vermelho,2011,N9095,seminovo,grande,utilitario,13.58,Gasolina,2,"central multimedia, desembaçador de vidro, suspensão hidráulica"
195,Tucson,Hyundai,106927,R$ 17108.32 + 44x de R$ 2041.33,Marrom,2019,F1755,seminovo,grande,hatch,14.97,Etanol,2,"central multimedia, suspensão hidráulica, trava elétrica, ar condicionado, GPS, desembaçador de vidro, airbag, câmera de ré, freios ABS, direção hidráulica, alarme"
196,RAV4,Toyota,38557,R$ 5012.41 + 36x de R$ 931.79,Laranja,2023,I6454,usado,pequeno,hatch,12.71,Gasolina,2,"airbag, suspensão hidráulica, central multimedia, câmera de ré, GPS, freios ABS, direção hidráulica, desembaçador de vidro, trava elétrica"
197,CX-5,Mazda,132257,R$ 14548.27 + 59x de R$ 1995.06,Branco,2017,N6822,usado,médio,pickup,8.26,Etanol,4,"câmera de ré, GPS"
198,Argo,Fiat,130412,R$ 18257.68 + 46x de R$ 2438.14,Marrom,1999,S9639,seminovo,pequeno,sedan,17.4,Elétrico,4,"alarme, direção hidráulica, GPS, airbag, suspensão hidráulica, câmera de ré, desembaçador de vidro, ar condicionado"
199,RAV4,Toyota,112259,R$ 11225.90 + 58x de R$ 1741.95,Cinza,2004,M6984,usado,grande,hatch,14.5,Gasolina,2,"câmera de ré, central multimedia, alarme, airbag"
200,Cruze,Chevrolet,68057,R$ 9527.98 + 32x de R$ 1829.03,Laranja,2005,V6386,usado,médio,pickup,16.84,Diesel,4,"GPS, alarme, câmera de ré, desembaçador de vidro, trava elétrica, suspensão hidráulica, ar condicionado, airbag, central multimedia, freios ABS, direção hidráulica"
201,Polo,Volkswagen,107676,R$ 15074.64 + 26x de R$ 3561.59,Azul,2000,U6622,novo,grande,sedan,15.97,Híbrido,2,"freios ABS, GPS, central multimedia, ar condicionado, airbag, alarme, suspensão hidráulica"
202,Tiguan,Volkswagen,103331,R$ 19632.89 + 49x de R$ 1708.12,Prata,2005,O5325,usado,grande,utilitario,10.17,Híbrido,2,"ar condicionado, câmera de ré, central multimedia, alarme, trava elétrica, suspensão hidráulica, desembaçador de vidro"
203,Frontier,Nissan,109570,R$ 14244.10 + 43x de R$ 2216.88,Prata,2001,Q6821,seminovo,médio,hatch,15.93,Diesel,4,"desembaçador de vidro, central multimedia, ar condicionado, câmera de ré, alarme, suspensão hidráulica, trava elétrica, GPS, airbag, freios ABS"
204,Elantra,Hyundai,126120,R$ 23962.80 + 55x de R$ 1857.40,Prata,2012,Z1243,seminovo,médio,sedan,14.32,Híbrido,2,"freios ABS, suspensão hidráulica"
205,S10,Chevrolet,148193,R$ 19265.09 + 60x de R$ 2148.80,Laranja,2013,N2735,seminovo,médio,hatch,11.91,Etanol,4,"central multimedia, GPS, desembaçador de vidro, trava elétrica, airbag, ar condicionado, alarme, direção hidráulica, câmera de ré"
206,Tucson,Hyundai,47212,R$ 6137.56 + 53x de R$ 774.99,Preto,2002,P8640,usado,pequeno,hatch,12.27,Elétrico,4,"GPS, freios ABS, direção hidráulica, suspensão hidráulica, trava elétrica, airbag, câmera de ré, alarme, ar condicionado, central multimedia"
207,Camaro,Chevrolet,130023,R$ 15602.76 + 41x de R$ 2790.74,Rosa,2019,W7886,novo,grande,hatch,10.99,Etanol,2,"central multimedia, trava elétrica, direção hidráulica"
208,Civic,Honda,95035,R$ 19007.00 + 47x de R$ 1617.62,Cinza,2011,B6656,usado,pequeno,utilitario,17.19,Gasolina,2,"central multimedia, alarme, trava elétrica, desembaçador de vidro, direção hidráulica, freios ABS, airbag, suspensão hidráulica, GPS, câmera de ré"
209,Jetta,Volkswagen,120331,R$ 14439.72 + 24x de R$ 4412.14,Rosa,2003,J8801,novo,grande,sedan,17.82,Etanol,4,"ar condicionado, direção hidráulica, suspensão hidráulica, alarme, GPS, trava elétrica, câmera de ré, freios ABS, airbag, central multimedia"
210,Pilot,Honda,43153,R$ 6041.42 + 55x de R$ 674.76,Lilás,2011,C6955,usado,médio,utilitario,17.83,Etanol,2,"alarme, câmera de ré, suspensão hidráulica, airbag, desembaçador de vidro, freios ABS, ar condicionado, GPS"
211,Cruze,Chevrolet,125242,R$ 15029.04 + 54x de R$ 2040.98,Azul,2015,Q9906,seminovo,grande,utilitario,16.44,Elétrico,4,"desembaçador de vidro, GPS, freios ABS, trava elétrica, alarme, central multimedia, ar condicionado, airbag, suspensão hidráulica"
212,Focus,Ford,139162,R$ 13916.20 + 56x de R$ 2236.53,Branco,2003,E3649,novo,pequeno,sedan,11.19,Elétrico,2,"GPS, câmera de ré, central multimedia, direção hidráulica, alarme, suspensão hidráulica, ar condicionado, freios ABS, airbag, desembaçador de vidro, trava elétrica"
213,Polo,Volkswagen,37035,R$ 4073.85 + 46x de R$ 716.55,Preto,2023,E4004,novo,grande,utilitario,13.57,Gasolina,2,"central multimedia, alarme, freios ABS, airbag, direção hidráulica, ar condicionado"
214,Jetta,Volkswagen,69934,R$ 9790.76 + 42x de R$ 1431.98,Rosa,2003,S5618,novo,grande,hatch,14.92,Etanol,2,"central multimedia, GPS, direção hidráulica, alarme, trava elétrica"
215,Sentra,Nissan,85475,R$ 16240.25 + 35x de R$ 1978.14,Rosa,2011,H1069,seminovo,médio,sedan,12.52,Híbrido,2,"GPS, central multimedia, direção hidráulica, airbag, freios ABS, trava elétrica, ar condicionado, câmera de ré"
216,Rogue,Nissan,127406,R$ 17836.84 + 31x de R$ 3534.49,Cinza,2015,M8852,usado,médio,sedan,17.66,Elétrico,2,"ar condicionado, trava elétrica, freios ABS, airbag, desembaçador de vidro, GPS, suspensão hidráulica"
217,Tucson,Hyundai,66801,R$ 10688.16 + 49x de R$ 1145.16,Preto,1999,T9456,novo,médio,hatch,14.99,Elétrico,4,"desembaçador de vidro, freios ABS, câmera de ré"
218,Kona,Hyundai,73296,R$ 11727.36 + 27x de R$ 2280.32,Rosa,2003,Z2620,seminovo,pequeno,sedan,16.61,Gasolina,4,"airbag, ar condicionado, suspensão hidráulica, central multimedia, trava elétrica, desembaçador de vidro, câmera de ré, GPS, direção hidráulica"
219,Mazda6,Mazda,86245,R$ 17249.00 + 45x de R$ 1533.24,Prata,2009,W9268,novo,pequeno,sedan,10.09,Elétrico,4,"trava elétrica, GPS"
220,Ranger,Ford,120365,R$ 18054.75 + 54x de R$ 1894.63,Cinza,2001,O9022,usado,médio,sedan,11.06,Etanol,4,"direção hidráulica, airbag, trava elétrica, alarme, desembaçador de vidro, freios ABS, GPS, câmera de ré, ar condicionado"
221,Tucson,Hyundai,46919,R$ 5161.09 + 49x de R$ 852.20,Preto,2017,V3511,usado,grande,hatch,17.69,Elétrico,4,"direção hidráulica, freios ABS, alarme, central multimedia, desembaçador de vidro, suspensão hidráulica, ar condicionado, airbag"
222,Toro,Fiat,145253,R$ 27598.07 + 41x de R$ 2869.63,Laranja,2017,I5726,novo,pequeno,sedan,17.27,Etanol,4,"alarme, direção hidráulica, ar condicionado, suspensão hidráulica, GPS, central multimedia, desembaçador de vidro, câmera de ré, trava elétrica"
223,Tucson,Hyundai,57277,R$ 7446.01 + 57x de R$ 874.23,Prata,2006,H6626,novo,pequeno,utilitario,9.32,Elétrico,4,"suspensão hidráulica, câmera de ré, airbag, ar condicionado, central multimedia, trava elétrica, freios ABS, direção hidráulica, desembaçador de vidro, alarme"
224,Tiguan,Volkswagen,121854,R$ 24370.80 + 49x de R$ 1989.45,Preto,2001,U9707,seminovo,pequeno,hatch,12.54,Etanol,4,"câmera de ré, airbag, direção hidráulica, alarme, GPS, suspensão hidráulica, ar condicionado"
225,Tucson,Hyundai,101574,R$ 18283.32 + 59x de R$ 1411.71,Branco,2017,L9358,novo,pequeno,utilitario,11.33,Gasolina,4,"câmera de ré, desembaçador de vidro, airbag, GPS"
226,RAV4,Toyota,58116,R$ 8717.40 + 50x de R$ 987.97,Rosa,2005,K6467,novo,médio,utilitario,10.89,Elétrico,2,"desembaçador de vidro, central multimedia"
227,Hilux,Toyota,42110,R$ 4211.00 + 50x de R$ 757.98,Prata,2009,C9226,usado,médio,utilitario,16.82,Diesel,2,"ar condicionado, GPS, trava elétrica, câmera de ré, suspensão hidráulica, airbag, freios ABS, central multimedia"
228,Fiesta,Ford,142181,R$ 19905.34 + 40x de R$ 3056.89,Marrom,2013,P2833,seminovo,grande,hatch,16.18,Etanol,4,"direção hidráulica, airbag, desembaçador de vidro, freios ABS, trava elétrica, central multimedia"
229,Focus,Ford,135050,R$ 22958.50 + 31x de R$ 3615.85,Lilás,2023,G6846,novo,grande,utilitario,14.37,Diesel,2,"trava elétrica, desembaçador de vidro, central multimedia, câmera de ré, airbag"
230,Onix,Chevrolet,136093,R$ 13609.30 + 39x de R$ 3140.61,Cinza,2012,G6176,novo,pequeno,sedan,9.33,Híbrido,4,"ar condicionado, central multimedia, GPS"
231,Argo,Fiat,49015,R$ 9312.85 + 29x de R$ 1369.04,Laranja,2006,G7491,seminovo,grande,hatch,16.19,Elétrico,4,"alarme, desembaçador de vidro, suspensão hidráulica, central multimedia, ar condicionado, GPS, câmera de ré, airbag, trava elétrica, freios ABS"
232,Ranger,Ford,77263,R$ 9271.56 + 24x de R$ 2832.98,Laranja,2018,J7113,novo,pequeno,pickup,12.5,Híbrido,4,"ar condicionado, airbag, alarme, desembaçador de vidro, freios ABS, trava elétrica, direção hidráulica, suspensão hidráulica, central multimedia, GPS"
233,Argo,Fiat,148921,R$ 26805.78 + 37x de R$ 3300.41,Laranja,2004,O8317,seminovo,médio,hatch,12.03,Etanol,2,"trava elétrica, desembaçador de vidro, câmera de ré, freios ABS, direção hidráulica, ar condicionado, suspensão hidráulica, central multimedia, GPS, airbag"
234,Ranger,Ford,92706,R$ 9270.60 + 31x de R$ 2691.46,Laranja,2004,U2524,seminovo,médio,sedan,8.29,Gasolina,4,"direção hidráulica, central multimedia, desembaçador de vidro, suspensão hidráulica, airbag, trava elétrica, freios ABS, alarme, GPS"
235,Jetta,Volkswagen,69471,R$ 13199.49 + 45x de R$ 1250.48,Azul,2019,Q1786,seminovo,pequeno,utilitario,11.18,Elétrico,4,"GPS, alarme, suspensão hidráulica, ar condicionado, airbag, central multimedia, trava elétrica"
236,Yaris,Toyota,141550,R$ 21232.50 + 45x de R$ 2673.72,Prata,2014,T8807,novo,grande,hatch,13.79,Etanol,4,"trava elétrica, GPS, suspensão hidráulica, câmera de ré"
237,Kona,Hyundai,102742,R$ 19520.98 + 28x de R$ 2972.18,Marrom,2017,N9490,seminovo,grande,hatch,8.42,Gasolina,4,"GPS, suspensão hidráulica"
238,Onix,Chevrolet,33805,R$ 6761.00 + 53x de R$ 510.26,Prata,2000,J7848,seminovo,pequeno,hatch,17.04,Gasolina,4,"freios ABS, alarme, trava elétrica, ar condicionado, câmera de ré, desembaçador de vidro, airbag, central multimedia, suspensão hidráulica"
239,Elantra,Hyundai,47592,R$ 9042.48 + 28x de R$ 1376.77,Branco,2022,A3477,seminovo,médio,sedan,9.16,Diesel,2,"GPS, central multimedia, airbag, direção hidráulica, trava elétrica, ar condicionado, alarme"
240,CX-5,Mazda,37647,R$ 6776.46 + 33x de R$ 935.47,Prata,2020,H4793,novo,médio,utilitario,11.4,Elétrico,2,"alarme, câmera de ré, desembaçador de vidro"
241,Hilux,Toyota,61711,R$ 6788.21 + 27x de R$ 2034.18,Lilás,2002,R3865,seminovo,grande,sedan,10.26,Etanol,4,"GPS, central multimedia, freios ABS, suspensão hidráulica"
242,MX-5,Mazda,74894,R$ 7489.40 + 30x de R$ 2246.82,Prata,2005,K2472,usado,pequeno,sedan,16.23,Diesel,4,"alarme, central multimedia"
243,Yaris,Toyota,97669,R$ 11720.28 + 33x de R$ 2604.51,Cinza,2022,B2187,seminovo,médio,sedan,16.19,Elétrico,2,"câmera de ré, suspensão hidráulica, airbag, desembaçador de vidro, freios ABS, alarme, ar condicionado, direção hidráulica, GPS"
244,Strada,Fiat,141797,R$ 26941.43 + 34x de R$ 3378.11,Cinza,2018,A6999,usado,médio,pickup,16.9,Gasolina,2,"desembaçador de vidro, ar condicionado, alarme, central multimedia, freios ABS, suspensão hidráulica, trava elétrica, câmera de ré"
245,Mazda6,Mazda,47859,R$ 6221.67 + 35x de R$ 1189.64,Branco,2001,B6505,novo,pequeno,hatch,11.72,Elétrico,2,"alarme, desembaçador de vidro, central multimedia"
246,Santa Fe,Hyundai,93134,R$ 9313.40 + 59x de R$ 1420.69,Branco,2008,T4218,seminovo,grande,utilitario,13.01,Etanol,4,"freios ABS, direção hidráulica, desembaçador de vidro, suspensão hidráulica, câmera de ré, central multimedia, airbag, ar condicionado, alarme"
247,Fiesta,Ford,83431,R$ 15017.58 + 44x de R$ 1554.85,Marrom,2012,P4032,seminovo,grande,utilitario,13.68,Etanol,4,"alarme, direção hidráulica, central multimedia, GPS, desembaçador de vidro, suspensão hidráulica"
248,RAV4,Toyota,70419,R$ 7041.90 + 54x de R$ 1173.65,Marrom,2021,H2588,seminovo,pequeno,sedan,14.75,Elétrico,4,"suspensão hidráulica, direção hidráulica"
249,S10,Chevrolet,53850,R$ 8077.50 + 53x de R$ 863.63,Prata,2000,K6655,novo,grande,utilitario,10.39,Diesel,2,"suspensão hidráulica, desembaçador de vidro"
250,Polo,Volkswagen,142003,R$ 14200.30 + 37x de R$ 3454.13,Vermelho,2006,O1372,seminovo,médio,utilitario,11.11,Gasolina,2,"câmera de ré, airbag, trava elétrica, ar condicionado, direção hidráulica"
251,Altima,Nissan,58983,R$ 7667.79 + 44x de R$ 1166.25,Prata,2021,I3331,seminovo,grande,pickup,12.85,Etanol,2,"câmera de ré, ar condicionado, suspensão hidráulica, freios ABS"
252,Focus,Ford,56260,R$ 6188.60 + 32x de R$ 1564.73,Azul,2010,U6620,novo,pequeno,sedan,10.85,Diesel,2,"GPS, central multimedia"
253,Polo,Volkswagen,71601,R$ 11456.16 + 33x de R$ 1822.57,Prata,2008,S4168,novo,médio,utilitario,14.92,Etanol,4,"airbag, direção hidráulica, câmera de ré, GPS, ar condicionado"
254,Santa Fe,Hyundai,53263,R$ 10119.97 + 57x de R$ 756.90,Branco,2007,W5004,seminovo,pequeno,pickup,14.08,Híbrido,2,"câmera de ré, freios ABS"
255,Toro,Fiat,52338,R$ 7850.70 + 36x de R$ 1235.76,Rosa,2009,N7286,novo,grande,hatch,10.75,Híbrido,2,"trava elétrica, direção hidráulica, GPS, airbag, ar condicionado, central multimedia"
256,Camaro,Chevrolet,133180,R$ 18645.20 + 54x de R$ 2121.01,Marrom,2002,B1165,novo,pequeno,hatch,12.05,Etanol,4,"GPS, central multimedia, airbag"
257,Mustang,Ford,50634,R$ 6582.42 + 52x de R$ 847.15,Marrom,2004,Z1297,seminovo,grande,hatch,10.47,Gasolina,2,"suspensão hidráulica, desembaçador de vidro, ar condicionado, direção hidráulica"
258,Toro,Fiat,65077,R$ 9761.55 + 51x de R$ 1084.62,Cinza,2007,O3231,novo,médio,hatch,14.52,Etanol,2,"alarme, trava elétrica, suspensão hidráulica, freios ABS, câmera de ré, GPS, desembaçador de vidro, airbag"
259,MX-5,Mazda,117502,R$ 22325.38 + 40x de R$ 2379.42,Laranja,2002,D1631,seminovo,pequeno,pickup,14.24,Gasolina,4,"câmera de ré, suspensão hidráulica, desembaçador de vidro, GPS, ar condicionado, trava elétrica, airbag, freios ABS"
260,Rogue,Nissan,145324,R$ 24705.08 + 29x de R$ 4159.27,Azul,2007,P4928,seminovo,pequeno,pickup,9.75,Híbrido,2,"direção hidráulica, suspensão hidráulica, ar condicionado, desembaçador de vidro"
261,Mustang,Ford,84965,R$ 11895.10 + 59x de R$ 1238.47,Azul,2002,F4364,novo,médio,sedan,16.45,Etanol,4,"suspensão hidráulica, freios ABS, airbag, trava elétrica, alarme, GPS, ar condicionado, desembaçador de vidro"
262,RAV4,Toyota,148682,R$ 22302.30 + 29x de R$ 4357.92,Prata,1999,X9423,seminovo,médio,pickup,15.06,Gasolina,4,"ar condicionado, airbag, direção hidráulica, freios ABS, central multimedia"
263,Strada,Fiat,39022,R$ 7804.40 + 48x de R$ 650.37,Vermelho,2003,D1689,seminovo,médio,hatch,9.8,Elétrico,4,"direção hidráulica, freios ABS, câmera de ré"
264,Kona,Hyundai,122133,R$ 23205.27 + 27x de R$ 3663.99,Prata,2014,L2528,seminovo,médio,utilitario,8.35,Híbrido,2,"câmera de ré, central multimedia, freios ABS, direção hidráulica, suspensão hidráulica, ar condicionado, GPS, trava elétrica, desembaçador de vidro"
265,Jetta,Volkswagen,100775,R$ 15116.25 + 49x de R$ 1748.14,Marrom,2011,C5225,usado,médio,pickup,14.9,Elétrico,2,"suspensão hidráulica, freios ABS, GPS, desembaçador de vidro, central multimedia, trava elétrica, alarme, ar condicionado"
266,MX-5,Mazda,149568,R$ 29913.60 + 24x de R$ 4985.60,Marrom,2001,N4879,seminovo,pequeno,pickup,14.63,Diesel,4,"GPS, alarme, airbag, desembaçador de vidro, trava elétrica, central multimedia, freios ABS, ar condicionado, câmera de ré, direção hidráulica, suspensão hidráulica"
267,Cruze,Chevrolet,58834,R$ 10001.78 + 59x de R$ 827.66,Rosa,2013,U1854,usado,médio,pickup,8.14,Híbrido,4,"freios ABS, alarme, desembaçador de vidro, ar condicionado, trava elétrica, GPS, direção hidráulica, suspensão hidráulica"
268,Tucson,Hyundai,32113,R$ 4495.82 + 44x de R$ 627.66,Cinza,2015,B8549,seminovo,grande,sedan,11.45,Híbrido,2,"desembaçador de vidro, alarme, airbag, freios ABS, GPS, direção hidráulica, câmera de ré, trava elétrica"
269,Mustang,Ford,128691,R$ 18016.74 + 38x de R$ 2912.48,Branco,2001,P2770,novo,pequeno,sedan,16.59,Gasolina,4,"freios ABS, suspensão hidráulica, ar condicionado, alarme, trava elétrica, direção hidráulica, airbag"
270,Yaris,Toyota,107384,R$ 18255.28 + 34x de R$ 2621.43,Marrom,2016,G2696,usado,grande,utilitario,10.7,Diesel,4,"alarme, trava elétrica, suspensão hidráulica, desembaçador de vidro, direção hidráulica, central multimedia, câmera de ré, airbag, GPS, ar condicionado, freios ABS"
271,S10,Chevrolet,133847,R$ 13384.70 + 40x de R$ 3011.56,Branco,2018,N9836,seminovo,pequeno,pickup,13.79,Diesel,4,"trava elétrica, direção hidráulica, alarme, airbag, ar condicionado, câmera de ré, desembaçador de vidro, central multimedia, GPS"
272,Sentra,Nissan,72246,R$ 11559.36 + 25x de R$ 2427.47,Lilás,2013,L4841,usado,médio,pickup,14.73,Gasolina,2,"GPS, ar condicionado, direção hidráulica, alarme, câmera de ré, desembaçador de vidro, freios ABS"
273,CR-V,Honda,96112,R$ 17300.16 + 26x de R$ 3031.22,Prata,2015,O3172,seminovo,grande,hatch,8.19,Gasolina,2,"freios ABS, trava elétrica, central multimedia, câmera de ré, direção hidráulica, suspensão hidráulica, GPS, airbag, alarme, ar condicionado"
274,S10,Chevrolet,102427,R$ 16388.32 + 49x de R$ 1755.89,Vermelho,2006,V8223,usado,médio,sedan,16.94,Gasolina,4,"desembaçador de vidro, direção hidráulica, freios ABS, suspensão hidráulica, alarme, central multimedia, ar condicionado"
275,Tucson,Hyundai,146144,R$ 27767.36 + 27x de R$ 4384.32,Cinza,2010,V3558,novo,médio,utilitario,11.8,Elétrico,4,"airbag, GPS, desembaçador de vidro, trava elétrica"
276,Jetta,Volkswagen,52127,R$ 5212.70 + 46x de R$ 1019.88,Prata,2015,T9035,usado,grande,pickup,17.53,Diesel,4,"airbag, câmera de ré, suspensão hidráulica, trava elétrica, ar condicionado, direção hidráulica, GPS, alarme, freios ABS, desembaçador de vidro"
277,RAV4,Toyota,70865,R$ 8503.80 + 27x de R$ 2309.67,Marrom,2001,H4093,usado,grande,sedan,15.32,Híbrido,4,"desembaçador de vidro, suspensão hidráulica, direção hidráulica, alarme, GPS, freios ABS, ar condicionado, central multimedia"
278,Ranger,Ford,57894,R$ 10999.86 + 42x de R$ 1116.53,Marrom,1999,W8484,novo,grande,pickup,15.37,Etanol,2,"airbag, freios ABS, trava elétrica, suspensão hidráulica, central multimedia, GPS, alarme, câmera de ré, ar condicionado, direção hidráulica"
279,Mustang,Ford,129103,R$ 24529.57 + 25x de R$ 4182.94,Laranja,2012,T6669,seminovo,pequeno,hatch,11.16,Elétrico,4,"alarme, suspensão hidráulica, câmera de ré"
280,RAV4,Toyota,87289,R$ 13966.24 + 60x de R$ 1222.05,Laranja,2006,O2268,usado,pequeno,pickup,11.35,Diesel,4,"ar condicionado, freios ABS, airbag"
281,Mazda3,Mazda,124316,R$ 21133.72 + 60x de R$ 1719.70,Preto,2001,M2822,usado,grande,utilitario,16.45,Elétrico,2,"alarme, freios ABS, câmera de ré, direção hidráulica, trava elétrica"
282,RAV4,Toyota,77712,R$ 15542.40 + 30x de R$ 2072.32,Cinza,2010,L5659,usado,grande,hatch,17.96,Híbrido,4,"direção hidráulica, GPS"
283,Argo,Fiat,138658,R$ 26345.02 + 53x de R$ 2119.11,Preto,2021,P4143,novo,pequeno,pickup,16.28,Diesel,2,"câmera de ré, GPS, ar condicionado, trava elétrica, freios ABS"
284,Corolla,Toyota,52800,R$ 5280.00 + 34x de R$ 1397.65,Marrom,2022,F7751,seminovo,grande,hatch,17.32,Híbrido,2,"suspensão hidráulica, trava elétrica, desembaçador de vidro, direção hidráulica, alarme, central multimedia, câmera de ré, ar condicionado, GPS, freios ABS, airbag"
285,Pilot,Honda,91498,R$ 14639.68 + 51x de R$ 1507.03,Cinza,2003,O4050,novo,grande,utilitario,11.96,Diesel,4,"central multimedia, câmera de ré, airbag, direção hidráulica, suspensão hidráulica, desembaçador de vidro, GPS, freios ABS, trava elétrica, alarme, ar condicionado"
286,Tiguan,Volkswagen,58776,R$ 8228.64 + 47x de R$ 1075.48,Marrom,2002,E5704,usado,médio,sedan,15.12,Etanol,2,"freios ABS, câmera de ré, desembaçador de vidro, airbag, ar condicionado, suspensão hidráulica, alarme, direção hidráulica, central multimedia, GPS"
287,Altima,Nissan,76517,R$ 8416.87 + 49x de R$ 1389.80,Branco,2018,K7187,novo,médio,pickup,10.86,Etanol,4,"freios ABS, airbag"
288,Uno,Fiat,92854,R$ 12071.02 + 57x de R$ 1417.25,Lilás,2003,U9715,novo,grande,utilitario,14.04,Diesel,4,"central multimedia, ar condicionado, câmera de ré, airbag, desembaçador de vidro, direção hidráulica, alarme, trava elétrica, freios ABS"
289,Jetta,Volkswagen,43056,R$ 6458.40 + 54x de R$ 677.73,Vermelho,2021,A1821,novo,médio,sedan,10.67,Etanol,4,"suspensão hidráulica, central multimedia, desembaçador de vidro, airbag, câmera de ré, ar condicionado, GPS"
290,Jetta,Volkswagen,36974,R$ 4806.62 + 41x de R$ 784.57,Preto,1999,B2004,novo,médio,sedan,9.86,Elétrico,2,"freios ABS, central multimedia, GPS"
291,Hilux,Toyota,84084,R$ 10930.92 + 39x de R$ 1875.72,Azul,2005,C7073,seminovo,médio,utilitario,11.78,Elétrico,2,"trava elétrica, câmera de ré, desembaçador de vidro, ar condicionado, central multimedia, GPS"
292,Golf,Volkswagen,146082,R$ 17529.84 + 50x de R$ 2571.04,Cinza,2006,H7186,seminovo,médio,utilitario,17.2,Híbrido,4,"GPS, direção hidráulica, câmera de ré, central multimedia"
293,Elantra,Hyundai,36933,R$ 5539.95 + 44x de R$ 713.48,Azul,2016,L7479,seminovo,médio,utilitario,13.84,Diesel,4,"freios ABS, câmera de ré, trava elétrica, GPS, direção hidráulica, alarme"
294,Fiesta,Ford,48626,R$ 6321.38 + 36x de R$ 1175.13,Cinza,2015,T2538,novo,pequeno,hatch,8.99,Gasolina,2,"ar condicionado, airbag, suspensão hidráulica, central multimedia, alarme, trava elétrica, direção hidráulica, freios ABS, desembaçador de vidro, câmera de ré, GPS"
295,CX-5,Mazda,86120,R$ 9473.20 + 33x de R$ 2322.63,Rosa,2001,H5002,seminovo,médio,hatch,11.29,Etanol,2,"desembaçador de vidro, GPS, airbag, alarme, ar condicionado"
296,Polo,Volkswagen,70815,R$ 7081.50 + 39x de R$ 1634.19,Lilás,2009,O2858,seminovo,médio,sedan,16.68,Elétrico,4,"central multimedia, desembaçador de vidro, ar condicionado, alarme, direção hidráulica, trava elétrica, airbag, câmera de ré, freios ABS, GPS"
297,Yaris,Toyota,125756,R$ 21378.52 + 32x de R$ 3261.80,Lilás,2008,D6642,seminovo,pequeno,utilitario,10.97,Elétrico,2,"freios ABS, câmera de ré, desembaçador de vidro, GPS, trava elétrica, ar condicionado, suspensão hidráulica, airbag"
298,Onix,Chevrolet,63345,R$ 6334.50 + 30x de R$ 1900.35,Vermelho,2001,Z4534,novo,grande,utilitario,13.61,Etanol,4,"suspensão hidráulica, câmera de ré, alarme, desembaçador de vidro, ar condicionado, GPS, central multimedia"
299,Cruze,Chevrolet,83631,R$ 8363.10 + 55x de R$ 1368.51,Rosa,2006,E8092,seminovo,grande,sedan,15.93,Elétrico,2,"direção hidráulica, alarme, desembaçador de vidro, trava elétrica, ar condicionado, freios ABS, suspensão hidráulica"
300,Onix,Chevrolet,144691,R$ 20256.74 + 29x de R$ 4290.84,Prata,2013,Y5639,novo,pequeno,sedan,15.81,Etanol,2,"GPS, desembaçador de vidro, ar condicionado, airbag, suspensão hidráulica, trava elétrica, alarme, central multimedia"
